barcode,product_name,brand,category,net_quantity,packaging,labels_certifications,manufacturing_place,ingredients,nutriscore,nova_group,image_front_url,image_nutrition_url,image_ingredients_url,has_image,data_quality
6111242100992,Perly,Jaouda,"Snacks, Plain fermented dairy desserts with cream",100 g,Plastique,,Maroc,"milk cream, cream, sugar, banana, bacteria",a,3,https://images.openfoodfacts.org/images/products/611/124/210/0992/front_fr.172.400.jpg,,,yes,7/8
3017620425035,Nutella,Nutella,"Pâtes à tartiner aux noisettes et au cacao, en:Confectionary based spreads, en:pates-a-tartiner-au-chocolat, en:pates-a-tartiner-aux-noisettes, en:pates-a-tartiner-aux-noisettes-et-au-cacao, en:petit-dejeuners, en:produits-a-tartiner, en:produits-a-tartiner-sucres",1 kg,"Composites multicouches,Plastique,Carton,Verre,PP 5 - Polypropylène,Verre transparent,Carton non ondulé,82 C/X,82 C/PAP,en:Bocal","Végétarien, Sans gluten, Sans conservateurs, Sans colorants, Sans matière grasse hydrogénée, Triman",France,"Sucre, huile de palme, NOISETTES 13%, LAIT écrémé en poudre 8,7%, cacao maigre 7,4%, émulsifiants: lécithines [SOJA]; vanilline. Sans gluten",e,4,https://images.openfoodfacts.org/images/products/301/762/042/5035/front_en.583.400.jpg,,,yes,8/8
7613035833272,Perrier,"Nestlé, Nestlé Waters, Perrier","Boissons sans alcool, Boissons sans sucre ajouté, Eaux minérales gazeuses",1 l,"Kunststoff,PET - Polyethylenterephtalat","Végétalien, Point Vert","France, Gard, Vergèze",EAU MINERALE NATURELLE RENFORCEE AU GAZ DE LA SOURCE,a,1,https://images.openfoodfacts.org/images/products/761/303/583/3272/front_en.149.400.jpg,,,yes,8/8
5000108478119,Quaker White Oats,Quaker,Flocons d'avoine,1.73 - 3.00,Sachet,,,100% flocons d'avoine,a,1,https://images.openfoodfacts.org/images/products/500/010/847/8119/front_en.71.400.jpg,,,yes,6/8
5000354908248,Original Custard powder,Bird's,"Dessert mixes, Custards and pastry creams, Custard powder",350 g,"MixedPlastic-pot, Unknown-lid","Vegetarian, Green Dot",,"Maize Starch, Salt, Colour (Annatto Norbixin), Flavouring.",b,4,https://images.openfoodfacts.org/images/products/500/035/490/8248/front_en.33.400.jpg,,,yes,7/8
0716270001660,Ginger Crystallized In Dark Chocolate,Chocolove,"Candied fruits, Ginger, Crystallized ginger, Groceries",3.2 g,PpFilm-packet,"Rainforest Alliance, Non GMO project",,"dark chocolate (cocoa liquor*, sugar, cocoa butter*, soy lecithin, vanilla), crystallized ginger (ginger, sugar)",not-applicable,4,https://images.openfoodfacts.org/images/products/071/627/000/1660/front_en.41.400.jpg,,,yes,7/8
0074305001161,APPLE CIDER VINEGAR,BRAGG,"Sauces, Cider vinegars, Groceries",473 ml,,"No gluten, USDA Organic, Certified B Corporation, Made in USA, Non GMO project",,"ORGANIC APPLE CIDER VINEGAR, WATER.",not-applicable,2,https://images.openfoodfacts.org/images/products/007/430/500/1161/front_en.73.400.jpg,,,yes,6/8
0020357122682,Milk,Mestla,Milks,100,,,,,unknown,,,,,no,4/8
8904004402261,PHALHARI CHIWDA,Haldiram,Appetizers,45g,plastic,,,"Potato, (Peanuts), Refined Palmolein Oil, Refined Sugar, Rock Salt, Red Chilli, Black Pepper, Poppy Seed, Dried Ginger Powder, Clove Powder, Cumin, Nutmeg, Cardamom & Cinnamon. Groundnut",d,3,https://images.openfoodfacts.org/images/products/890/400/440/2261/front_en.3.400.jpg,,,yes,6/8
9300633929169,Chunk Light Tuna,Woolworths,Tuna chunks,,,Australian made,,,unknown,,https://images.openfoodfacts.org/images/products/930/063/392/9169/front_en.27.400.jpg,,,yes,4/8
8410076601445,Nature valley crunchy,Nature Valley,"Barres de céréales, en:barres-de-céréales, en:snacks-sucrés",10 Barres,"Carton, Sachet Cartonnée","Sans colorants, Sans conservateurs",Allemagne,"Avoine complète (56%), sucre, huile de tournesol, beurre de cacahuètes (8%) (cacahuète, sel), morceaux de cacahuètes (2%), mélasse, miel. sel, poudre à lever: bicarbonate de sodium; émulsifiant: lécithine de tournesol.",d,4,https://images.openfoodfacts.org/images/products/841/007/660/1445/front_fr.49.400.jpg,,,yes,8/8
8901088000451,Parachnute 100% Pure Coconut Oil,Parachute,Huiles de coco,,,en:Green Dot India,,Coconut Oil,e,2,https://images.openfoodfacts.org/images/products/890/108/800/0451/front_en.18.400.jpg,,,yes,5/8
8901491503013,Yellow Salted Lays,Lay's,Potato crisps in sunflower oil,,,,,"Potato, edible vegetable oil (palmolein rice bran oil), lodised salt",unknown,3,https://images.openfoodfacts.org/images/products/890/149/150/3013/front_en.5.400.jpg,,,yes,4/8
8901595863280,Schezwan Chutney,Ching's Secret,Fruit chutneys,600 g,,Green Dot India,,"Water, Cotton Seed Oil, Sugar, iodised Salt, Chilli, Garlic, Onion, Thickener (INS 1422), Ginger, Acidity Regulator (INS 260), Flavour Enhancer (INS 635), Spices (White Pepper, Schezwan Pepper), Preservatives (INS 202, INS 211), Natural Flavouring Substances. _Contains: Celery. May contain: Wheat, Soy, Nuts, Sesame Seeds, Mustard and Milk._",e,4,https://images.openfoodfacts.org/images/products/890/159/586/3280/front_en.8.400.jpg,,,yes,6/8
8902579002442,Appy fizz,Parle,Sparkling apple juices,,,,,"WATER, SUGAR, CARBONATING AGENT (INS 290), ACIDITY REGULATORS (INS 296, INS 331, INS 300), STABILIZER (INS 440), NATURAL COLOUR (INS 150d), PRESERVATIVE (INS 211), ANTIOXIDANT (INS 300)",e,4,https://images.openfoodfacts.org/images/products/890/257/900/2442/front_en.3.400.jpg,,,yes,4/8
8906010500474,Crunchem Chat Chaska,Balaji Wafers,Snacks,15g,,,,,,,https://images.openfoodfacts.org/images/products/890/601/050/0474/front_en.4.400.jpg,,,yes,4/8
0811594100102,0811594100102,,,,,,,,unknown,,https://images.openfoodfacts.org/images/products/081/159/410/0102/front_en.16.400.jpg,,,yes,1/8
4000417224002,Ritter Sport Noir Noisettes Entières,Ritter Sport,Chocolats noirs aux noisettes,100 g,Plastique,"Point Vert, Fabriqué en Allemagne","Allemagne, Waldenbuch","Sucre, pâte de cacao, _noisettes_, beurre de cacao, beurre concentré (_lait_), émulsifiant : lécithine (de _soja_), arôme naturel.",e,4,https://images.openfoodfacts.org/images/products/400/041/722/4002/front_fr.46.400.jpg,,,yes,8/8
8992760221028,17000725 Oreo Original (Vanilla),BABYMONSTER OREO,Chocolate sandwich cookies,123g g,Ldpe wrap,"Halal, Haram",Indonesia,"wheat  flour, sugar, non-hydrogenated vegetable oil (palm), cocoa powder, fructose syrup, sodium bicarbonate (ins500), ammonium bicarbonate (ins503), corn starch, salt,  soy  lecithin (ins322), vanilla flavor,",e,4,https://images.openfoodfacts.org/images/products/899/276/022/1028/front_en.55.400.jpg,,,yes,8/8
8902080204342,Pepsi Brand Mirinda orange flv 2ltr,Pepsico,"Fruit sodas, Sweetened beverages",18,,,,"CARBONATED WATER, SUGAR, ACIDITY REGULATORS E330 STABILIZERS (1450, 445), PRESERVATIVE (211), COLOUR (110), FLAVOUR NATURAL FLAVOURING SUBSTANCES",e,4,https://images.openfoodfacts.org/images/products/890/208/020/4342/front_en.32.400.jpg,,,yes,5/8
8901764022913,Fanta,"Coca-Cola, St-Hubert","Fruit sodas, Sweetened beverages",250ml,,Green Dot India,,"Carbonated Water, Sugar, Orange Juice From Concentrate (3.7%), Citrus Fruit From Concentrate (1.3%), Acids (Citric Acid, Malic Acid), Vegetable Extracts (Carrot, Pumpkin), Sweeteners (Acesulfame K, Sucralose), Preservative (Potassium Sorbate), Acidity Regulator (Sodium Citrates), Stabiliser (Guar Gum), Natural Orange Flavourings With Other Natural Flavourings, Antioxidant (Ascorbic Acid).",e,4,https://images.openfoodfacts.org/images/products/890/176/402/2913/front_fr.3.400.jpg,,,yes,6/8
8901725013691,Bingo mad snack,,Healthy,200g,,Green Dot India,,,unknown,,https://images.openfoodfacts.org/images/products/890/172/501/3691/front_en.5.400.jpg,,,yes,4/8
8904004403671,TASTY NUTS Shing Bhujia,Haldiram's,Snacks,40g,,Vegetarian,,"Groundnuts (Peanuts)(66%), Edible Vegetable Oil (Palmolein, Cotton Seed, Corn, Sunflower, Rice Bran), Bengal Gram Flour (Besan), Maize Starch, Iodised Salt, Red Chilli, Acidity Regulator (INS 330), Turmeric, Black Salt,Black Pepper, Dried Ginger Powder, Cardamom, Cumin, Cinnamon, Clove, Bay Leaf, Nutmeg & Asafoetida.",e,3,https://images.openfoodfacts.org/images/products/890/400/440/3671/front_en.5.400.jpg,,,yes,6/8
7622202216695,Gems,Cadbury,"Confectioneries, Gems",7.11g,,Green Dot India,,"Sugar, Hydrogenated Oils, Milk Solids, Cocoa Solids (8%*), Refined Wheat Flour (Maida), Emulsifiers (414, 442, 476), Colours (171, 102, 133, 124, 127, 122, 132, 110), Glazing Agent (903), Liquid Glucose, Flavours (Natural, Nature Identical and Artificial (Caramel and Vanilla) Flavouring Substances).  Allergen Information: Contains Milk, Wheat, Sulphites.  May Contain Barley, Soy",e,4,https://images.openfoodfacts.org/images/products/762/220/221/6695/front_en.3.400.jpg,,,yes,6/8
8901719130144,Parle Hide & Seek Cookies,Parle Biscuits PVT Ltd,"Candies, Chocolate biscuits, Choco chips",412.5g,,,,"REFINED WHEAT FLOUR (MAIDA), SUGAR, CHOCO CHIPS (17.3%) ISUGAR, EDIBLE VEGETABLE FAT (HYDROGENATED OILS), COCOA SOLIDS, DEXTROSE, EMULSIFIER (SOY LECITHIN) AND ARTIFICIAL FLAVOURING SUBSTANCES (VANILLA)], REFINED PALM OIL, CHOCOLATE (5.8%) ISUGAR, COCOA SOLIDS, COCOA BUTTER, DEXTROSE, EMULSIFIER (SOY LECITHIN) AND ARTIFICIAL FLAVOURING SUBSTANCES-VANILLA], INVERT SUGAR SYRUP, RAISING AGENTS (508(1), 500], COCOA SOLIDS, IODISED SALT, ARTIFICIAL (VANILLA) FLAVOURING SUBSTANCES AND EMULSIFIER OF VEGETABLE ORIGIN (472e]. CONTAINS: WHEAT, SOY",e,4,https://images.openfoodfacts.org/images/products/890/171/913/0144/front_en.29.400.jpg,,,yes,5/8
8901063012868,Milk bikis biscuits,Britannia,Biscuit (cookie) vitamins and chemical elements content guaranteed,,,,,,e,,https://images.openfoodfacts.org/images/products/890/106/301/2868/front_en.5.400.jpg,,,yes,3/8
8909081005251,Yippee Noodles,Sunfeast,Instant noodles,72.6 g,,Green Dot India,,,unknown,,https://images.openfoodfacts.org/images/products/890/908/100/5251/front_en.16.400.jpg,,,yes,5/8
8906010500498,balaji wafers tomato twist,,"Crisps, Salty snacks made from potato, Chip",,,,,"Potato (87%). Edible Vegetable Oil (Palmolein), Sugar, iodized Salt, Maltodextrin, Spices & Condiments (Chilli Powder, Cumin Powder, Clove Powder, Cinnamon), Dehydrated Vegetable Powder (Tomato (1%), Onion, Garlic), Acidity Regulator (INS 296, INS 330), Anticaking Agent (INS 551), Flavour Enhancer (INS 627, INS 631).",e,4,https://images.openfoodfacts.org/images/products/890/601/050/0498/front_en.14.400.jpg,,,yes,3/8
8901207900839,hajmola,Dabur,,120 Tablets,Jar,,,J 3,unknown,,https://images.openfoodfacts.org/images/products/890/120/790/0839/front_en.15.400.jpg,,,yes,5/8
8904004400250,Haldiram's Soya Sticks,Haldiram's,Snacks,200g,,Green Dot India,,"Tapioca Starch, Edible Vegetable oil (Palmolein, Cotton Seed, Corn, Sunflower, Rice Bran), Soya Flour (9%), Split Pulse Urad (Urad Dal) Flour, Mixed Spices (Refined Sugar, lodised Salt, Maltodextrin, Black Salt, Red Chilli Powder, Dried Mango Powder, Onion Powder, Glucose Powder, Preservative (INS 262 i), Coriander Powder, Cumin Powder, Fennel, Whey Powder, Ginger Powder, Garlic Powder, Clove Powder, Yeast Extract, Pipal, Black Pepper, Acidity Regulator (INS 296), Flavour Enhancer (INS 627, INS 631), Turmeric Powder, Anticaking Agent (INS 551), Bay Leaves, Acidity Regulator (INS 330), Colour (INS 160c), Nutmeg, Capsicum Powder, Cinnamon & Asafoetida), Hydrogenated Vegetable Oil (Vanaspati), Natural Flavouring Substance And Nature Identical Flavouring Substance Allergen: Contains Soy & Milk May Contains Peanut, Tree Nuts, Wheat, Mustard Seed & Sesame Seed",e,4,https://images.openfoodfacts.org/images/products/890/400/440/0250/front_en.7.400.jpg,,,yes,6/8
8901071211307,Hershey's syrup,Hershey's,"Syrups, Chocolate syrup",200g,,,,,d,,https://images.openfoodfacts.org/images/products/890/107/121/1307/front_en.10.400.jpg,,,yes,4/8
8906007280242,refined sunflower oil,fortune,Sunflower oils,1 l,plastic,Green Dot India,India,"Refined Sunflower Oil. Permitted Antioxidant TBHQ (E-319), Vitamin A and Vitamin D.",c,2,https://images.openfoodfacts.org/images/products/890/600/728/0242/front_en.18.400.jpg,,,yes,8/8
8901725007508,Bingo! Potato Chips Chilli Sprinkled,ITC,Potato crisps,90g,,Green Dot India,,"POTATO (60.0%), REFINED PALMOLEIN, SEASONING (IODIZED SALT, RED CHILLI POWDER (1.1%), MALTODEXTRIN, #SPICES AND CONDIMENTS, ONION POWDER, REFINED WHEAT FLOUR (MAIDA), NATURE IDENTICAL FLAVOURING SUBSTANCES, BLACK SALT, MILK SOLIDS, NATURAL FLAVOURS AND NATURAL FLAVOURING SUBSTANCES, SUGAR, TOMATO POWDER, HYDROLYZED VEGETABLE PROTEIN, GARLIC POWDER AND FLAVOUR ENHANCER (INS 508)} AND IODIZED SALT. #USED AS FLAVOURING AGENTS. CONTAINS SOY, MILK, WHEAT",e,4,https://images.openfoodfacts.org/images/products/890/172/500/7508/front_en.3.400.jpg,,,yes,6/8
8901764052910,Limca,Pepsi,"Sodas, Carbonated fruit soft drink",100 ml,,,,"CARBONATED WATER, SUGAR ACIDITY REGULATORS (330, 33W STABILIZERS (414,471), PRESERVATIVE (211) FLAVOURS (NATURAL, NATURE-IDENTICAL & ARTIFICIAL (LEMON) FLAVOURING SUBSTANCES).",e,4,https://images.openfoodfacts.org/images/products/890/176/405/2910/front_en.24.400.jpg,,,yes,5/8
3948764042270,Thumbs Up 750ml pet,Thumps up,Sodas,750ml,,,,,e,,https://images.openfoodfacts.org/images/products/394/876/404/2270/front_en.21.400.jpg,,,yes,4/8
8901030831706,Mixed Fruit Jam,"Hindustan Unilever Limited, Kissan",Mixed fruit jams,500g,,,,"SUGAR, MIXED FRUIT PULP BLEND - 60% (PAPAYA PULP, PEAR PULP, APPLE JUICE, BANANA PULP PINEAPPLE JUICE, ORANGE JUICE, MANGO PULP, GRAPE JUICE), ACIDITY REGULATOR-E330, THICKENER-E440, 10DISED SALT, VITAMINS & MINERAL, PRESERVATIVE-E202, NATURAL FLAVOURING SUBSTANCES, FOOD COLOUR-E122 NUMBER OF SERVES PER PACK: APPROX. 25, PER SERVE: 20 g (1 Tbsp)",d,4,https://images.openfoodfacts.org/images/products/890/103/083/1706/front_en.14.400.jpg,,,yes,5/8
8904004400243,Soya Sticks,Haldiram's,,,,,,,unknown,,https://images.openfoodfacts.org/images/products/890/400/440/0243/front_en.5.400.jpg,,,yes,2/8
8901063162464,BRITANNIA marie GOLD,Britannia,Biscuits,68 g,,Green Dot India,,Refin,,,https://images.openfoodfacts.org/images/products/890/106/316/2464/front_en.10.400.jpg,,,yes,6/8
8901491365703,Puffcorn,Kurkure,Corn chips,28 10rs,Plastic,"100% natural, Green Dot India",,"INREDIENTS: Cereal Products (67%) (Corn Meal (53%), Rice Meal (14%)), Edible Vegetable Oil (Palmolein), *Seasoning (Sugar, lodised Salt, Maltodextrin, Spices and Condiments, Milk Solids, Cheese, Salt Replacer (Potassium Chloride), Flavour (Natural and Nature Identical Flavouring Substances), Flavour Enhancers (627, 631), Acidity Regulators (296, 330), Emulsifying & Stabilising Agent ((331(iii), 471, 327)), Gram Meal (3.6%), Calcium Carbonate (170(i)), lodised Salt. *As flavouring agent. Contains Onion and Garlic ALLERGEN ADVICE: Contains Soy, Milk, Wheat",e,4,https://images.openfoodfacts.org/images/products/890/149/136/5703/front_en.30.400.jpg,,,yes,7/8
19017198,Parle tostea 1kg,"Parle, Simply Good, Wholesome","Biscuits, 100g wheat per amount",22g,Plastic,"No cholesterol, Simply Good","Accra, Baatsona, Ghana.","FARINE DE BLE, HUILE VEGETALE ČOMESTĪBLE, LEVURE, EXTRAIT DE MALT, SEL, EMULSIFIANT D'ORIGINE VEGÉTALE (ESTERS D'ACIDE DIACETYLTARTRIQUE DE MONO ET DIGCEDIDES (E 47 META BISULFITE DE SODIUM (E 223] ET AMYLASE (E 11C 2. AP MP GH",unknown,,https://images.openfoodfacts.org/images/products/000/001/901/7198/front_en.4.400.jpg,,,yes,8/8
8901719100369,Parle Bis Hide &seek,Parle,Biscuits,33 g,,Green Dot India,,"REFINED WHEAT FLOUR (MAIDA), SUGAR, CHOCO CHIPS (17.3%) ISUGAR, EDIBLE VEGETABLE FAT (HYDROGENATED OILS), COCOA SOLIDS, DEXTROSE, EMULSIFIER OF VEGETABLE ORIGIN (SOY LECITHIN) AND ARTIFICIAL FLAVOURING SUBSTANCES (VANILLA)], REFINED PALM DIL, CHOCOLATE (5.8%) [SUGAR, COCOA SOLIDS, COCOA BUTTER, DEXTROSE EMULSIFIER OF EGETABLE ORIGIN (SOY LECITHIN) AND ARTIFICIAL FLAVOURING SUBSTANCES-VANILLAJ. VERT SOGAR SYRUP, RAISING AGENTS (503(1), 500], COCOA SOLIDS, IODISED SALT AND JULSIFIER OF VEGETABLE ORIGIN [472e]. VIAINS ADDED FLAVOUR (ARTIFICIAL FLAVOURING SUBSTANCES-VANILLA) TAINS: WHEAT. SOY MEADE OONOTION MODE",d,4,https://images.openfoodfacts.org/images/products/890/171/910/0369/front_en.18.400.jpg,,,yes,6/8
8906010503550,Wafers,,Gaufrettes,,,,,"POTATO (82%), EDIBLE VEGETABLE OIL (CONTAINS ONE OR MORE OF THE FOLLOWINGS: PALMOLEIN, GROUNDNUT), SEASONING [MILK SOLIDS (WHEY 0.7%), SUGAR, EDIBLE COMMON SALT, ONION POWDER (0.3%), CHEESE POWDER (0.2%), HERBS (CHIVES, PARSLEY), ACIDITY REGULATOR (INS 330), YEAST EXTRACT POWDER, ANTICAKING AGENT (INS 551), HYDROLYZED VEGETABLE POWDER (SOYA), FLAVOUR ENHANCER (INS 627, INS 631), FLAVOUR (NATURAL & NATURE IDENTICAL FLAVOURING SUBSTANCES))  **AS FLAVOURING & SEASONING AGENT  POTATO WAFERS  READY-TO-EAT SAVOURIES | PROPRIETARY FOOD | INDIAN SNACKS & SAVOURIES  ALLERGEN ADVICE: CONTAINS MILK SOLIDS, CHEESE POWDER & SOY. MAY CONTAIN PEANUT  PRODUCT OF INDIA",e,4,https://images.openfoodfacts.org/images/products/890/601/050/3550/front_fr.9.400.jpg,,,yes,3/8
8902579002299,Smoodh chocolate,Parle Agro,Chocolate milks,80ml,Paper box,,India,"WATER, DOUBLE TONED MILK (40%), SUGAR, WHEY POWDER, MILK SOLIDS, COCOA SOLIDS (1%), MALT EXTRACT, EMULSIFIERS AND STABILIZERS [INS 460(1), INS 471, INS 466, INS 407, INS 340, INS 452], NATURE IDENTICAL FLAVOURING SUBSTANCE (CHOCOLATE) AND IODISED SALT. (INS-INTERNATIONAL NUMBERING SYSTEM) ALLERGEN INFORMATION: CONTAINS MILK, BARLEY, WHEAT AND MILLET: NÚTRITIONAL INFORMATION (TYPICAL VALUES) PER SERVE",e,4,https://images.openfoodfacts.org/images/products/890/257/900/2299/front_en.14.400.jpg,,,yes,7/8
8901058005080,Munch Max,Nestlé,"Biscuits, Candy chocolate bars",38.5 g,,Green Dot India,,"Sugar, Refined Wheat Flour (Maida), Hydrogenated vegetable fats, Fractionated vegetable fat, Milk solids. Cocoa solids (3.9%), Emulsifier (Soya lecithin), Raising agent (500(ii)), Yeast, lodised salt, Flour treatment agent (516), Artificial (Vanilla) flavouring substance and Nature-Identical flavouring substance.",e,4,https://images.openfoodfacts.org/images/products/890/105/800/5080/front_en.7.400.jpg,,,yes,6/8
8901058009729,Masala Veg Atta Noodles,Maggi,Instant noodles,72.5g,,Green Dot India,,"Noodles: Wheat Flour (Atta) (84.2%), (not more than) Palm oil, Iodized salt, Wheat gluten, Thickeners (508&412), Humectants (451(i)&452(i)) and Acidity regulators (501(i) & 500 (i)). Masala TASTEMAKER: Dehydrated &quot;Guideline Daily Amounts of an Vegetables (22%) (Carrot bits (12%), Green peas",unknown,4,https://images.openfoodfacts.org/images/products/890/105/800/9729/front_en.19.400.jpg,,,yes,6/8
8902080001828,Pepsi Zero Sugar,PepsiCo Inc.,"Diet cola soft drink, Cold Drink",400ml,,,,"Carbonated water,color (150d),acidity regulators(338,330), sweeteners(955,950),preservative (211), caffeine (13mg/100g), flavour (natural flavouring substance), stabilizer (436)",c,4,https://images.openfoodfacts.org/images/products/890/208/000/1828/front_en.6.400.jpg,,,yes,5/8
8904335604150,Yoga Bar Millet Muesli,Yoga Bar,Mueslis,500g,,"Vegan, Green Dot India",,"Whole Grains 58.0% (Millets 26.0% (Ragi 16%, Jowar 10%), Rolled Oats 22%, Brown Rice Flakes), Corn Flakes (Corn Grits, Unrefined Sugar, Iodized Salt, Malt Extract, Soy Lecithin), Nuts & Seeds 9.5% (Flax, Pumpkin, Almond), Rice Crispy, Dehydrated Fruits 4.8% (Raisins, Cranberry), Jaggery Syrup, Honey, Rice Bran Oil, Natural Flavors (Almond, Rosemary Extract), Himalayan Pink Salt.",b,4,https://images.openfoodfacts.org/images/products/890/433/560/4150/front_en.17.400.jpg,,,yes,6/8
8904004400687,Haldiram's Aloo Bhujia Sev,Haldiram's,Salty snacks,20g,,,,"Potato, Edible Vegetable Oil (Palmolein, Cotton Seed, Corn, Sunflower), Bengal Gram Flour (Besan), Potato Flakes, Potato Starch, Tapioca Starch, Tepary Beans (Moth Dal) Flour, Iodised Salt, Red Chilli Powder, Black Salt, Acidity Regulator (INS 330), Black Pepper, Clove, Dried Ginger Powder, Dried Garlic Powder, Cumin Powder, Bay Leaf, Nutmeg, Cinnamon, Turmeric, Mint Leaves, Natural Flavours & Natural Flavouring Substances & Nature Identical Flavouring Substances.",unknown,4,https://images.openfoodfacts.org/images/products/890/400/440/0687/front_en.5.400.jpg,,,yes,5/8
8906009501031,Pasteurised Cow Milk,Chitale,Whole milks,500 ml,,,,PASTEURISED COW MILK,c,1,https://images.openfoodfacts.org/images/products/890/600/950/1031/front_en.5.400.jpg,,,yes,5/8
54491496,Diet Coke,Coke,"Unsweetened beverages, Diet cola soft drink, Sweetened beverages",500 ml,"Plastic, Bottle, Pet-bottle, en:pet-cap","Green Dot, natural flavors",Royaume-Uni,"csd water, caramel color, aspartame, phosphoric acid, potassium benzoate (to protect taste), natural flavors, citric acid, caffeine, contains phenylalaline  water gazeifiée, caramel colour e150d, sweeteners : aspartame, acesulfame k, flavourings, natural caffeine, phosphoric acid, citric acid",c,4,https://images.openfoodfacts.org/images/products/000/005/449/1496/front_en.73.400.jpg,,,yes,8/8
8901262020039,Amul cheese,Amul,Cheeses,200 g,Cuboid Cardboard,,Kheda India,"Cheese, emulsifying salts (452, 339, 331), iodized sait, class II preservatives (200, 234)",e,4,https://images.openfoodfacts.org/images/products/890/126/202/0039/front_en.40.400.jpg,,,yes,7/8
8901262200189,Amul Lassi 200ml,Amul,"Yogurt drinks, Lassi",200mL,,,,"Milk solids, water, sugar, stabilizer (440), nature identical and artificial flavouring substances (rose), active culture. Allergen Information: Contains milk.",e,4,https://images.openfoodfacts.org/images/products/890/126/220/0189/front_en.26.400.jpg,,,yes,5/8
8904004409253,Potato Lite,Haldiram Snacks Pvt. Ltd.,Potato crisps,15g,plastic,,,"Potato Starch, Potato Flakes, Refined Palmolein Oil, lodised Salt, Maltodextrin, Black Pepper & Black Salt &quot;I",unknown,4,https://images.openfoodfacts.org/images/products/890/400/440/9253/front_en.4.400.jpg,,,yes,6/8
8901764362309,Pulpy orange,Minute Maid,Orange juices from concentrate,1L,,Green Dot India,,"WATER, SUGAR, ORANGE JUICE (10.5%) (RECONSTITUTED FROM ORANGE JUICE CONCENTRATE & ORANGE PULP CELLS), ACIDITY REGULATORS (330, 331(iii)), ANTIOXIDANT (300), COLOURS ENERGY (110, 102), ORANGE FLAVOURS (NATURAL, NATURE-IDENTICAL AND ARTIFICIAL FLAVOURING SUBSTANCES).",e,4,https://images.openfoodfacts.org/images/products/890/176/436/2309/front_en.3.400.jpg,,,yes,6/8
8901058000269,Maggi,Maggi,Noodles,280g,,,,"Noodles: Refined wheat flour (Maida), Paim oil, lodized salt, Wheat gluten, Thickeners (508&412), Acidity regulators (501 (i) & 500 (i) and Humectant (451 (i)). Masala *TASTEMAKER®: Mixed spices (25.6%) (Onion powder Coriander powder, Turmerie newder, Red chilli powder, Garlic powder Cumin powder, Aniseed powder, powder, Fenugreek powder, Black pepper powder, Clove powder, Green cardamom powder & Nutmeg powder), Refined wheat flour (Maida), Hydrolysed groundnut protein, Sugar, Palm oil, Starch, lodized salt, Thickener (508), Flavour enhancer (635), Toasted onion flakes, Acidity regulator (330), Colour (150d), Mineral and Wheat gluten. Contains Wheat & Nut. May Contains Milk, Mustard, Oats And Soy. #Lets toMAGGI",unknown,4,https://images.openfoodfacts.org/images/products/890/105/800/0269/front_en.39.400.jpg,,,yes,5/8
8901088050586,Parachute Coconut Oil,Parachute,Coconut oils,,,Green Dot India,,,unknown,2,https://images.openfoodfacts.org/images/products/890/108/805/0586/front_en.7.400.jpg,,,yes,4/8
8909081005046,Dark Fantasy Choco Fills,Sunfeast,Chocolate biscuits,,,,,,e,,https://images.openfoodfacts.org/images/products/890/908/100/5046/front_en.14.400.jpg,,,yes,3/8
8906010500429,Unknown Product,,Balaji,,,,,,d,,https://images.openfoodfacts.org/images/products/890/601/050/0429/front_en.11.400.jpg,,,yes,2/8
8901088047142,parachute oil,parachute,en:Coconut oils,250ml,,,,,unknown,2,https://images.openfoodfacts.org/images/products/890/108/804/7142/front_en.9.400.jpg,,,yes,4/8
8901207005527,Honey Squeezy,Dabur,"Honeys, Food",400g,Squeezy,"Green Dot, Green Dot India, Dabur",,Honey (100%),d,2,https://images.openfoodfacts.org/images/products/890/120/700/5527/front_en.12.400.jpg,,,yes,7/8
0856069005209,"Fine ground sea salt almond flour crackers, sea salt",,Crackers (Appetizers),,,"No gluten, Non GMO project, Verified",,"nut and seed flour blend (almonds, sunflower seeds, flax seeds), tapioca starch, cassava, organic sunflower oil, sea salt, organic onion, organic garlic, rosemary extract (for freshness)",c,3,https://images.openfoodfacts.org/images/products/085/606/900/5209/front_en.9.400.jpg,,,yes,4/8
8901088000345,Coconut oil,Parachute,Coconut oils,200ml(182g),,Green Dot India,,Coconut Oil,e,2,https://images.openfoodfacts.org/images/products/890/108/800/0345/front_en.15.400.jpg,,,yes,6/8
8904004403800,Moong dal,"Haldiram, Haldiram's","Snacks, Pulses",400 g,Plastic,Vegetarian,India,"Split Pulse Moong (Moong Dal) (77%), Refined Cotton Seed Oil & lodised Salt.",a,3,https://images.openfoodfacts.org/images/products/890/400/440/3800/front_en.17.400.jpg,,,yes,8/8
8902080364022,Mountain Dew,PepsiCo,"Sodas, Carbonated waters, Energy drinks, Sweetened beverages",250 ml,1  RECYCLABLE Plastic bottle,Green Dot India,,"CARBONATED WATER, SUGAR, ACIDITY REGULATORS (330 ,331), FLAVOUR (NATURAL FLAVOURING SUBSTANCES), PRESERVATIVE (211), CAFFEINE (13 mg/100 g), STABILIZER (445), COLOUR (102).",e,4,https://images.openfoodfacts.org/images/products/890/208/036/4022/front_en.6.400.jpg,,,yes,7/8
8901595863013,Schezwan Chutney,ching's,"Salted spreads, Dips, Onion chutneys, Schezwan Chutney",30 g,,Green Dot India,,"Water, Sunflower Oil, Sugar, lodised Salt, Chilli, Corn Starch, Garlic, Onion, Ginger, Thickener (INS 1422), Flavou Enhancer (INS 635), Acidity Regulator (INS 260), Spices (White Pepper, Schezwan Pepper), Preservatives (INS 202, INS 211), Celery, Soy Sauce Powder (Soybean, Wheat, Salt), Natural Flavouring Substances. ALLERGEN ADVICE: CONTAINS WHEAT, SOY AND CELERY. May contain Peanuts, Tree Nuts, Sesame Seed, Mustard and Milk (dairy products)",e,4,https://images.openfoodfacts.org/images/products/890/159/586/3013/front_en.3.400.jpg,,,yes,6/8
8906010503529,CHRUNCHEM Masala Masti,Balaji,Potato crisps,150,,,,"POTATO (87%), EDIBLE VEGETABLE OIL (PALMOLEIN), SUGAR, SPICES & CONDIMENTS 1% (CHILLI, DRY MANGO, CORIANDER, CUMIN, BLACK PEPPER, GINGER, CLOVE), EDIBLE COMMON SALT, BLACK SALT.",e,3,https://images.openfoodfacts.org/images/products/890/601/050/3529/front_en.6.400.jpg,,,yes,5/8
8901030902369,Knorr hot & sour veg soup,Knorr,Dehydrated soups,10,,,,"Starch, Maltodextrin, Sugar, lodited Salt, (Dehydrated Vegetables (Onion (5.9%), Carrot Flakes (1.4%). Garlic Bits (1.1%) and Leeks (0.4%)) Hydrolyzed Vegetable Protein, Flavours-Nature Identical Flavouring Substances (Soya Sauce) Thickener-415, Spices & Condiments (Chillies (1.5%)), Hydrogenated Palm Oil, Food Colour-Caramel IV, Acidity Regulator-296, Anti caking agent - 551, Flavour Enhancer-627 & 631 Oleoresin Chill",unknown,4,https://images.openfoodfacts.org/images/products/890/103/090/2369/front_en.15.400.jpg,,,yes,5/8
7622202309830,Bournvita 200g,,,200g,,,,,unknown,,https://images.openfoodfacts.org/images/products/762/220/230/9830/front_en.10.400.jpg,,,yes,2/8
8904422711365,Nariyal Biscuit,Patanjali,"Biscuits, 100, Coconut Biscuits",68g 10 Biscuit per Packet,,,,,unknown,,https://images.openfoodfacts.org/images/products/890/442/271/1365/front_en.6.400.jpg,,,yes,4/8
8904004404630,salted peanuts,haldiram's,"Legumes, Peanuts",25g,29/09/2018,,,"CHR Haldiram's SALTE PEANUT REDIENTS: Groundnut (Peanuts) (93%), Edil etable Oil (Palmolein, Cotton Seed, Corn, Sun Cran), Rock Salt (1%) & Refined Sugar. LERGEN: Contains Nut Contains Wheat, Milk & Soy. 1904004 404630 tritional Information (approx NET QUANTITY: SERVING PER POUCH:",d,,https://images.openfoodfacts.org/images/products/890/400/440/4630/front_en.4.400.jpg,,,yes,6/8
8901491000789,Lays India's magic masala,Lay's,Flavoured potato crisps,90 g,Plastic,,,"Potato, Edible Vegetable Oil (Palmolein Oil, Rice Bran Oil), &quot;Spices & Condiments (Onion Powder, Chilli Powder, Dried Mango Powder, Coriander Seed Powder, Ginger Powder, Garlic Powder, Black Pepper Powder, Spices Extract. Turmeric Powder), lodised Salt, Black Sal Sugar, Tomato Powder, Citric Acid (330).",e,3,https://images.openfoodfacts.org/images/products/890/149/100/0789/front_en.30.400.jpg,,,yes,6/8
3948764032271,Sprite,Coca Cola,"Artificially sweetened beverages, Sodas, Sweetened beverages",750 ml,,,,"CARBONATED WATER, SUGAR, ACIDITY REGULATORS (330, 331(1), PRESERVATIVE (211), SWEETENER (960), FLAVOURS (NATURAL FLAVORING SUBSTANCES).",e,4,https://images.openfoodfacts.org/images/products/394/876/403/2271/front_en.11.400.jpg,,,yes,5/8
8902346012353,Oral Rehydration Salts I.P. Electral,FDC LIMITED,Non food products,21.80 g,,,,"Sodium Chloride,Potassium Chloride,Sodium Citrate,Dextrose Anhydrous,Excipients",e,4,https://images.openfoodfacts.org/images/products/890/234/601/2353/front_en.13.400.jpg,,,yes,5/8
8901725000622,sunfeast Mom,Sunfeast,"Confectioneries, Biscuits",30,,,,,unknown,,https://images.openfoodfacts.org/images/products/890/172/500/0622/front_en.3.400.jpg,,,yes,4/8
8901030877131,Real Mayonnaise,Hellmann's,"Confectioneries, Mayonnaises",85 g,,Green Dot India,,"Refined Soybean Oil (Fortified with Vitamin A & D), Water, Sugar, Thickeners-E 1442, E 1450, Natural Vinegar, iodised Salt, Spices & Condiments, Lemon Juice Concentrate, Preservative-E 202, Nature Identical and Natural Flavouring Substances, Sequestrant-E 385.",e,4,https://images.openfoodfacts.org/images/products/890/103/087/7131/front_en.8.400.jpg,,,yes,6/8
8902080404575,Mango Slice 1.75ltr,PepsiCo Inc.,Fruit-based beverages,29,Plastic PET bottle,Green Dot India,,"WATER, SUGAR, *CONCENTRATED MANGO PULP & ALPHONSO MANGO PULP (14% MANGO PULP), ACIDITY REGULATOR (330), STABILIZERS (466, 440) FLAVOUR (NATURAL AND NATURE IDENTICAL FLAVOURING SUBSTANCES), PRESERVATIVE (202), COLOUR (110). *14% MANGO PULP IN RECONSTITUTED BEVERAGE SHARE BACK",e,4,https://images.openfoodfacts.org/images/products/890/208/040/4575/front_en.4.400.jpg,,,yes,7/8
8902080204588,8902080204588,Mirinda,Fruit juices,,,,,,b,,https://images.openfoodfacts.org/images/products/890/208/020/4588/front_en.12.400.jpg,,,yes,3/8
8904327600948,MYFITNESS Chocolate Peanut Butter Crunchy,MYFITNESS,Crunchy peanut butters,,,,,,c,,https://images.openfoodfacts.org/images/products/890/432/760/0948/front_en.3.400.jpg,,,yes,3/8
8901063092822,BRITANNIA Good day  BUTTER COOKIES,Britannia,Biscuits,52.5 g,,Green Dot India,,"INGREDIENT REFINED WHEAT FLOUR (MAIDA), REINED PALM OIL, SUGAR, INVERT SUGAR SYRUP, MILK PRODUCTS (MILK SOLIDS & BUTTER (0.5%)], RAISING AGENTS [503(ii) & [500(ii)], IODISED SALT, ARTIFICIAL (BUTTER, MILK & VANILLA) & NATURAL LAVOURING SUBSTANCES AND MULSIFIERS [472e & 322(i)]. Numbers in brackets as per International numbering System) CONTAINS WHEAT MILK AND SOY",e,4,https://images.openfoodfacts.org/images/products/890/106/309/2822/front_en.4.400.jpg,,,yes,6/8
7622202252419,Oreo 30 rs,,Biscuits,,,,,,unknown,,https://images.openfoodfacts.org/images/products/762/220/225/2419/front_en.8.400.jpg,,,yes,2/8
8901058022179,Munch,Nestlé,"Chocolate stuffed wafers, Chocolate Wafer",17.4g,,,,"Sugar, Refined Wheat flour (Maida), Hydrogenated vegetable fats, Fractionated vegetable fats, Milk solids, Cocoa solids (3.8%), Emulsifier (Soya lecithin and 476), Raising agent (500 (ii)), Yeast, Iodised salt, Flour treatment agent (516), Artificial (Vanilla) flavouring substances. Allergen Note: Contains Wheat, Soy, Sesame and Milk. May Contains Nut.",e,4,https://images.openfoodfacts.org/images/products/890/105/802/2179/front_en.27.400.jpg,,,yes,5/8
8901063367173,5050 Maska Chaska,Britannia,Biscuits,,,,,,unknown,,,,,no,3/8
8901063142015,Nutri Choice,Britannia Digestive,Biscuits,100 g,,India,,"WHEAT FLOUR (63%), REFINED PALM OIL, SUGAR, WHEAT BRAN (4.7%), LIQUID GLUCOSE, MILK SOLIDS, MALTODEXTRIN, RAISING AGENTS (INS 500, INS 503), IODISED SALT, EMULSIFIERS (INS 322, INS 471, INS 472c), MALT EXTRACT AND DOUGH CONDITIONER (INS 223). CONTAINS WHEAT, MILK, SOYA, BARLEY AND SULPHITE",d,4,https://images.openfoodfacts.org/images/products/890/106/314/2015/front_en.30.400.jpg,,,yes,6/8
8901063155534,Krunch ChocoChips,"Britannia, Tiger",Biscuits,60g,,Green Dot India,,,unknown,,https://images.openfoodfacts.org/images/products/890/106/315/5534/front_en.4.400.jpg,,,yes,5/8
8901719135477,Parle G gold,Parle,Biscuits,1 kg,,,,,unknown,,https://images.openfoodfacts.org/images/products/890/171/913/5477/front_en.19.400.jpg,,,yes,4/8
8904004401134,Haldiram's Khatta Sweet and Salty mix,Haldiram,Mix of Sago and rice flakes,1 400grams,,,,"Refined Rice Flakes (22%), Bengal Gram Flour (Besan) (21%/ Split Pulse Bengal Gram (Chana Dal) (7%), Groundnut (Peanuts) (5%), Sago (4%), Refined Sugar (4%), Red Lentils (Masur Whole) (2.5%), Green Peas (2%), Iodised Salt, Blac Red Chilli, Acidity Regulator & Antioxidant (E 330) and Turmeric. Allergy Advice : Contains Peanut May Contain Tree nuts, Gluten, Sesame Seed, Milk, Soya & Mustard Seed",d,4,https://images.openfoodfacts.org/images/products/890/400/440/1134/front_en.17.400.jpg,,,yes,5/8
8906001023036,Pure Cow Ghee,Gowardhan,"Butter fat, Butters",1L,,Green Dot India,,,unknown,2,https://images.openfoodfacts.org/images/products/890/600/102/3036/front_en.12.400.jpg,,,yes,5/8
8901491367219,kurkure,kurkure,"Appetizers, Kurkure",25g,Pepsico,Kurkure,India,"Cereal Products (67%) (Rice Meal (44%), Corn Meal (23%)), Edible Vegetable Oil (Rice Bran Oil, Sesame Oil), *Seasoning Spices & Condiments, lodised Salt, Sugar, Flavour (Natural and Nature Identical Flavouring Substances), Black Salt, Tomato Powder, Acidity Regulators (330, 296, 334), Colour (160c), Maltodextrin), Gram Meal (0.4%). As Flavouring Agent. &quot;Contains Onion and Garlic LERGEN ADVICE: Contains Sulphite.",d,4,https://images.openfoodfacts.org/images/products/890/149/136/7219/front_en.6.400.jpg,,,yes,8/8
8901764011252,Coca cola Original Taste 300ml can,Coca-Cola,"Carbonated waters, Colas, Sweetened beverages, Carbonated soft",300 ml,,,,"CARBONATED WATER, SUGAR, ACIDITY REGULATOR (338), CAFFEINE (8.7 mg/100 g), COLOUR (150d), FLAVOURS (NATURAL FLAVOURING SUBSTANCES).",d,4,https://images.openfoodfacts.org/images/products/890/176/401/1252/front_en.5.400.jpg,,,yes,5/8
8901491365666,Kurkure Puffcorn,Kurkure,Corn chips,16g,Plastic,,,,c,,https://images.openfoodfacts.org/images/products/890/149/136/5666/front_en.4.400.jpg,,,yes,5/8
8901491981538,Lay’s Chile Limon,Lay's,Snacks,10rs,,,,,e,,https://images.openfoodfacts.org/images/products/890/149/198/1538/front_en.3.400.jpg,,,yes,4/8
8902080204021,Mirinda,"Mirinda, PepsiCo Inc.","Sodas, Carbonated waters, Carbonated soft drinks without fruit juice with sugar, Sweetened beverages",250 ml,Plastic bottle,Green Dot India,,"CARBONATED WATER, SUGAR, ACIDITY REGULATORS (330, 331), STABILIZERS (1450, 445), PRESERVATIVE (211), COLOUR (110), FLAVOUR (NATURAL FLAVOURING SUBSTANCES).",e,4,https://images.openfoodfacts.org/images/products/890/208/020/4021/front_en.4.400.jpg,,,yes,7/8
8906069403412,Chef's Special Tomato Ketchup,VEEBA,Tomato Ketchup,900g,,,,"Water, Tomato Paste (28.0%), Sugar, lodised Salt, Stabilizers (INS1422, INS415), Acidity Regulator (INS260), Spices and Condiments and Preservative (INS211).",d,4,https://images.openfoodfacts.org/images/products/890/606/940/3412/front_en.15.400.jpg,,,yes,5/8
8908005144014,Multigain energy bar,Yoga Bar,Barres de céréales,38 g,,Sans conservateurs,,"Whole Grains 36% (Brown Rice, Millets (Saamai, Foxtail). Rolled Oats 15%). Honey 20% Almonds 12%, Dates, Seeds 9% (Sunflower, Chia), Rice Crispies. Belgian Dark Chocolate 6% (Cocoa, Brown Sugar, Cocoa Butter, Soya Lecithin), Peanut Protein Powder. CONTAINS ADDED NATURAL FLAVOUR (Rosemary Extract. Vanilla Extract)",d,4,https://images.openfoodfacts.org/images/products/890/800/514/4014/front_fr.3.400.jpg,,,yes,6/8
8901063338593,100% Whole Wheat Brown Bread,Britannia,Breads,,,,,,c,,https://images.openfoodfacts.org/images/products/890/106/333/8593/front_en.3.400.jpg,,,yes,3/8
8908000861107,GOPAL,gopal,,,,,,,unknown,,https://images.openfoodfacts.org/images/products/890/800/086/1107/front_en.3.400.jpg,,,yes,2/8
8901764092152,Maaza Original 1.75ltr,HINDUSTAN COCO-COLA BEVERAGES PVT.LTD,"Sweetened beverages, Cooldrank",3,,,,,unknown,,https://images.openfoodfacts.org/images/products/890/176/409/2152/front_en.8.400.jpg,,,yes,4/8
8901030953217,Kissan Sweet & Spicy Sauce,Kissan,Tomato sauces,850 g,,,,"WATER, SUGAR, TOMATO PASTE* (14.6%), CHILLI PUREE (5.6%), IODISED SALT, STABILIZERS - E1422, E415, E412, ACIDITY REGULATOR - E260, GARLIC POWDER, CHILLI FLAKES, ONION POWDER, SPICES AND CONDIMENTS, PRESERVATIVE-E211, NATURAL FLAVORING SUBSTANCE.",e,4,https://images.openfoodfacts.org/images/products/890/103/095/3217/front_en.3.400.jpg,,,yes,5/8
8909081001123,Bounce Chocho,Sunfest,"Chocolate candies, Chocolate biscuits, Biscuit (cookie) snack w chocolate filling",31,,,,"MTL CD-FPB105365 Pkg.Mtrl.Mfd. By Jupiter Laminators Pvt. Ltd. Regn. No. HSPCS Consent 313121821SONCT08497 gredients: Maida (Refined Wheat Flour), Sugar, Refined Palm Oil, Invert Syrup, Liquid Glucose (1.0%), Raising A Emulsifiers (Lecithin (from soyabean), Polyoxyethylene (20) sorbitan monostearate (from palm oil)], Artificial Fla 503) INS 500(ii), INS 450(i)], Colours (INS 150c, INS 150d, INS 122), Starch, Todized Salt, Cocoa Solid Substres (Vanilla, Milk, Chocolate), Flour Treatment Agent (INS 223), Nature Identical Flavouring Substances Con Wheat, Soy, approx. values): Per 100 g (% RDA per serve - 20 g); Energy",unknown,4,https://images.openfoodfacts.org/images/products/890/908/100/1123/front_en.17.400.jpg,,,yes,5/8
8904004400021,bhujia sev,Haldiram's,Fried foods,35g,,,,Jjkk,unknown,,https://images.openfoodfacts.org/images/products/890/400/440/0021/front_en.3.400.jpg,,,yes,5/8
8901030980053,Peanut Butter Crunchy,Kissan,"Peanut butters, Nut butters",350g,,Green Dot India,,"Per Serve (30g) kcal feat 184 9% MKTD. BY: HINDUSTAN UNILEVER LTD. (HUL), UNILEVER HOUSE, B. D. SAWANT MARG, CHAKALA, ANDHERI (E), MUMBAI 400 099, MAHARASHTRA. MFG. BY: BONVILLE FOODS PVT. LTD., S.R. No.-71 NEAR SADBHAV COTTON IND, LAJAI JADESHVER ROAD, AT. HADMATIYA (PALANPIRL TA. TANKARA, DIST. MORBI-363 650, (GUJ.). FSSAI LIC. No. 10018021003055. KISSAN IS REGISTERED TRADEMARK OF HINDUSTAN UNILEVER LIMITED. HUL 2020 PEANUT BUTTER INGREDIENTS: ROASTED PEANUTS (91%), SUGAR, HYDROGENATED RAPESEED OIL (TO PREVENT OIL SEPARATION, IODISED SALT. CONTAIN PEANUTS. STORE IN A COOL, DRY & HYGIENIC PLACE AWAY FROM DIRECT SUNLIGHT AFTER OPENING, KEEP REFRIGERATED. IT IS NATURAL TO HAVE SOME OIL SEPARATION ON TOP, STIR IT WELL BEFORE SCOOPING KISSAN PEANUT BUTTER, WITH 100% REAL PEANUTS HANDPICKED FROM THE FARMS OF GUJARAT, IS A RICH SOURCE OF PROTEIN. SCAN HERE KISSE kissan SE Of RDA NET WEIGHT: 350 g fra N D Pe qu of",c,,https://images.openfoodfacts.org/images/products/890/103/098/0053/front_de.3.400.jpg,,,yes,6/8
8901719129179,PARLE COCONUT,Parle,Biscuits,,,,,,e,,https://images.openfoodfacts.org/images/products/890/171/912/9179/front_en.4.400.jpg,,,yes,3/8
8901719126468,parle 20-20,Parle,"Biscuits, Buiscuit",,,,,Refined wheat flour  Sugar refined palm oil  Invert sugar syrup  Cashew (1%) Raising agents,d,3,https://images.openfoodfacts.org/images/products/890/171/912/6468/front_en.8.400.jpg,,,yes,4/8
8906002006601,8906002006601,Dr. Oetker,French sausages,,,No gluten,,"Refined Soyabean Oil, Water, Sugar, Milk Solids, lodised Salt, Lemon Juice, Emulsifiers and Stabilizers (INS415, INS1442), Acidity Regulators (INS260, INS330), Preservatives (INS211, INS202), Antioxidant (INS319). CONTAINS MK 46108067-821",e,4,https://images.openfoodfacts.org/images/products/890/600/200/6601/front_en.3.400.jpg,,,yes,5/8
8901725123123,iodized salt,Aashirvaad,"Spices, Iodised salts",1kg,,Green Dot India,,"EDIBLE COMMON SALT, ANTICAKING AGENTS (INS 551, INS 536) AND POTASSIUM IODATE",not-applicable,4,https://images.openfoodfacts.org/images/products/890/172/512/3123/front_en.13.400.jpg,,,yes,6/8
8901030779282,Green tea honey lemon 25 Tea Bags,Lipton,Green teas,,,,,,unknown,,https://images.openfoodfacts.org/images/products/890/103/077/9282/front_en.13.400.jpg,,,yes,3/8
8901725104641,Sunfeast moms magic cashew almond,Sunfeast,,584 g,,,,biscuit,unknown,,https://images.openfoodfacts.org/images/products/890/172/510/4641/front_en.6.400.jpg,,,yes,4/8
8908010900070,Pintola all natural peanut butter (crunchy),Pintola,"Beurres de fruits à coques, Beurres de cacahuetes croustillants",1 kg,,"Sans gluten, Végétalien, 100% naturel, Point Vert, en:Green Dot India, ISO 22000:2018, Sans matière grasse hydrogénée, Sans huile de palme",,Peanuts,a,,https://images.openfoodfacts.org/images/products/890/801/090/0070/front_en.22.400.jpg,,,yes,6/8
3948764052910,Limca,,Sodas,,,,,parig,unknown,,https://images.openfoodfacts.org/images/products/394/876/405/2910/front_en.8.400.jpg,,,yes,3/8
0786162002969,acai blueberry pomegranate nutrient enhanced water beverage,vitamin water,"Artificially sweetened beverages, Vitamin waters",,Empty & Replace Cap,,,"Reverse osmosis water, less than 0.5% of: vitamins A, C, B3, B5, B6, B12 (beta-carotene, ascorbic acid, niacinamide, calcium pantothenate, pyridoxine hydrochloride, cyanocobalamin), fruit and vegetable juices (for color), natural flavors, citric acid, stevia leaf extract, electrolytes (calcium and magnesium lactates and potassium phosphate), monk fruit extract, sodium selenate, manganese citrate.",unknown,4,https://images.openfoodfacts.org/images/products/078/616/200/2969/front_en.46.400.jpg,,,yes,5/8
8801043018470,NONGSP 席 GOURMET SPICY SPICY & CREAMY FLAVOUR Toom,Shin Ramyun,"Kant-en-klaarmaaltijden (gedroogd), Instantnoedels",137g,,Halal,,"NOEDELS 77%: Tarwebloem, aardappelzetmeel, palmolie, zout, zuurteregelaars: E501, E500, E339, antioxidant: E306, emulgator: E322 (bevat soja), kleurstof: E101. KRUIDENPOEDER 12% : Smaakmaker (maltodextrine, kokosolie, rijst, aardappelzetmeel, palmolie, gistextract, zout, amandel, haver, knoflook, sojabonen, tarwe), maltose, glucose, smaakversterkers: E621, E627, E631, aardappelzetmeel, zout, maiszetmeel, peterselie, shiitake, koolzaadolie. KRUIDENPASTA 11%: Suiker, Oliebereiding (rijstolie, water, koolzaadolie, groene uien), smaakversterkers: E621, E627, E631, smaakmaker (maltodextrine, smaakversterker: E640, gehydrolyseerd plantaardig eiwit (soja, tarwe), mosterdzaad, sojabonen, maïszetmeel, wortel), smaakmaker (chilli, knoflook, ui), zout, glucose, shiitake, voedingszuur: E330. Kan sporen van gerst, schaaldieren, eieren, vis, pinda's, melk, selderij, sesamzaad en weekdieren bevatten.",unknown,4,https://images.openfoodfacts.org/images/products/880/104/301/8470/front_en.47.400.jpg,,,yes,6/8
00551281,Oreo dark chocolate creme flavored,Oreo,Filled biscuits,,,,,,unknown,,https://images.openfoodfacts.org/images/products/000/000/055/1281/front_en.7.400.jpg,,,yes,3/8
5410942104158,Passendale classic,"Passendale, Savencia","Cow cheeses, Belgian cheeses, Sliced cheeses, Abbaye cheeses",190g (5*38g),Plastic,"Green Dot, Made in Belgium, No lactose",Belgique,"pasteurized cow's milk, salt, lactic acid ferments, rennet, natural dye: annatto,",d,4,https://images.openfoodfacts.org/images/products/541/094/210/4158/front_en.78.400.jpg,,,yes,8/8
0733739016614,Ultra Omega-3 Fish Oil,NOW FOODS,"Dietary supplements, Fish oils",90 Softgel,,"No GMOs, Kosher",,"Softgel Capsule [bovine gelatin (BSE-free), glycerin, enteric coating (pharmaceutical glaze, ethyl alcohol, ammonium hydroxide, glycerin, sunflower lecithin, medium-chain triglycerides), water] and d-alpha Tocopherol (from sunflower). Contains fish (anchovies, sardines).",not-applicable,4,https://images.openfoodfacts.org/images/products/073/373/901/6614/front_en.39.400.jpg,,,yes,6/8
4008400351926,Hanuta Minis,Ferrero,"Gebäck, Gefüllte Knusprige Waffeln",200 g,"Kunststoff, Tüte, Stück",Ohne Farb- oder Konservierungsstoffe,,"Zucker, pflanzliche Fette (Palm, Shea), _Haselnüsse_ (13 %), _Weizenmehl_ (12,5 %), _Süssmolkenpulver_, fettarmer Kakao, _Vollmilchschokolade_ (Zucker, _Vollmilchpulver_, Kakaobutter, Kakaomasse, Emulgator Lecithine (_Soja_), Vanillin), _Magermilchpulver_, _Butterreinfett_, Aromen, Salz, Halbbitterschokolade (Zucker, Kakaomasse, Kakaobutter, Emulgator Lecithine (_Soja_), Vanillin), Emulgator Lecithine (_Soja_), Traubenzucker, Backtriebmittel Natriumhydrogencarbonat, Vanilin.",e,4,https://images.openfoodfacts.org/images/products/400/840/035/1926/front_de.50.400.jpg,,,yes,7/8
8901047816208,Dal Makhani,Kohinoor,"Microwave meals, Curry sauces, Dal-makhani, Pre-cooked-dal-microwave-pouch",300g,,"Vegetarian, No artificial preservatives, No artificial colours or flavours, No MSG",,"Water, Black Gram Lentils (33.3%), Tomato (8.4%), Red Kidney Beans (4%), Sunflower Oil, Garlic, Salt, Ginger (0.6%), Cumin Powder, Garam Masala, Red Chilli powder, Fenugreek Leaves, Cinnamon, Cardamom, Bay leaf, Nutmeg Powder, Mace Powder",a,3,https://images.openfoodfacts.org/images/products/890/104/781/6208/front_en.12.400.jpg,,,yes,6/8
8801073115378,Buldak HOT Chicken Flavor Rosé Ramen,Samyang,Instant noodles,140g,,"Halal, HACCP","Korea, South Korea","NOODLE(71.8%) {WHEAT FLOUR, MODIFIED TAPIOCA STARCH, REFINED PALM OIL, WHEAT GLUTEN, SALT, EMULSIFIER[SOY LECITHIN(E322 (i)], ACIDITY REGULATOR (POTASSIUM CARBONATE (E501(i)), SODIUM CARBONATE(E500(i)), SODIUM PHOSPHATE DIBASIC(E339 (ii))], THICKENER[GUAR GUM(E412)], TOCOPHEROLS(E306), GREEN TEA FLAVOR OIL, RIBOFLAVIN(E101), CITRIC ACID(E330)}.   SAUCE(18.6%) {WATER, WHITE SUGAR, ARTIFICIAL CHICKEN FLAVOR POWDER(SOY, WHEAT, CELERY), CHEESE SAUCE(MILK, GARLIC, SOY, WHEAT), WHOLE MILK, ARTIFICIAL CHICKEN FLAVOR(SOY, WHEAT), SOYBEAN OIL, RED PEPPER POWDER(SOY), CHILI PEPPER POWDER(SOY), YEAST POWDER, ONION, THICKENER [MODIFIED POTATO STARCH(E1420)], GARLIC, SALT, DECOLORIZED CHILI EXTRACT, COLOUR[PAPRIKA EXTRACT(E160c)], PEPPER POWDER(SOY), CURRY POWDER(CELERY)}.   POWDER(9.6%) {WHOLE MILK POWDER(SOY), MILK POWDER, YEAST EXTRACT POWDER(SOY), GARLIC POWDER(SESAME SEEDS), PARSLEY CURLY}.  CONTAINS: WHEAT, GLUTEN, SOY, MILK, CELERY, SESAME SEEDS. MANUFACTURED IN A FACILITY THAT ALSO PROCESSES CELERIES, CEREALS CONTAINING GLUTEN, CRUSTACEANS, EGGS, FISH, MILK, MOLLUSCS, MUSTARD, NUTS, PEANUTS, SESAME SEEDS AND SOY PRODUCTS.",unknown,4,https://images.openfoodfacts.org/images/products/880/107/311/5378/front_en.43.400.jpg,,,yes,7/8
8901262030151,Amul Ghee 1ltr,Amul,"Beurres, ghi",1 ltr,,,,Cream,e,2,https://images.openfoodfacts.org/images/products/890/126/203/0151/front_fr.9.400.jpg,,,yes,5/8
07811173,kinley,,en:Waters,2 liters,,,,,unknown,1,https://images.openfoodfacts.org/images/products/000/000/781/1173/front_xx.5.400.jpg,,,yes,3/8
8906002484003,Snickers,Mars,"Chocolate candies, Chocolates, Bars",12g,,Green Dot India,,"Sugar, Milk Solids,  Cocoa Butter, Cocoa Solids, Edible vegetable fats &lt; 5% (Sal fat, Palm oil), Dextrose, Emulsifier (E322); Liquid Glucose, Peanuts (14%), Sugar, Hydrogenated vegetable oil (Palm oil), Milk Solids, Iodized Salt, Cocoa Butter, Cocoa Solids, Edible vegetable fats &lt; 5% (Sal fat, Palm oil), Dextrose, Emulsifier (E322).",e,4,https://images.openfoodfacts.org/images/products/890/600/248/4003/front_en.10.400.jpg,,,yes,6/8
8902433003134,SNICKERS BUTTERSCOTCH FLAVOUR,SNICKERS,"Candy chocolate bars, Filled chocolates, fr:barres-chocolatees-aux-fruits-oleagineux",40 g,,Green Dot India,,"milk chocolate coating (35%): sugar, milk solids, serve (%) cocoa butter, cocoa solids, edible vegetable fat ,lt,5% (sal fat, palm oil), dextrose, emulsifier (322), centre filling (65%): peanuts (23%), liquid glucose, sugar, hydrogenated vegetable oil (palm oil), milk solids, iodized salt, cocoa butter, cocoa solids, edible vegetable fats ,lt,5% (sal fat, palm oil), dextrose, nature identical flavour (butterscotch),  emulsifier (322),",e,4,https://images.openfoodfacts.org/images/products/890/243/300/3134/front_en.36.400.jpg,,,yes,6/8
8854761951413,Real Almond Milk,"137 Degrees, 137 ดีกรี","Légumes et dérivés, Laits d'amande",1L,Tetra Pak,"Sans gluten, FSC, Sans conservateurs, Végétalien",,"Lait d'amande frais 95% Des amandes entières cultivées en Californie, aux Etats-Unis Extrait de fleur de tournesol 5%",b,,https://images.openfoodfacts.org/images/products/885/476/195/1413/front_en.41.400.jpg,,,yes,7/8
0840222000149,LG Hing Powder (asafoetida),L.G.,ase fétide,50 g,,en:Green Dot India,,,not-applicable,,https://images.openfoodfacts.org/images/products/084/022/200/0149/front_fr.7.400.jpg,,,yes,5/8
8901491103442,Kurkure Naughty Tomato,PepsiCo,Flavoured potato crisps,,,,,"Rice Meal (37.6%), Edible Vegetable Oil (Palmolein Oil), Corn Meal (18.8%), Gram Meal (6.2%), Sugar, Salt, Tomato Powder (1.2%), *Spices & Condiments (Chilli Powder, Onion Powder, Spices Extract, Black Pepper Powder, Cinnamon Powder, Clove Powder, Ginger Powder, Garlic Powder, Nutmeg Powder), Beetroot Powder, Citric Acid (INS 330). CONTAINS ADDED FLAVOURS (NATURAL AND NATURE IDENTICAL FLAVOURING SUBSTANCES) *Used as natural flavouring agent.",e,4,https://images.openfoodfacts.org/images/products/890/149/110/3442/front_en.12.400.jpg,,,yes,4/8
8901595862726,Dark Soy Sauce,Ching's Secret,Soy sauces,210 g,,,,"water, sugar, lodised salt, natural colour (ins 150c), soybeans (10%), wheat, acidity regulator (ins 260), preservative (ins 202),",e,4,https://images.openfoodfacts.org/images/products/890/159/586/2726/front_en.3.400.jpg,,,yes,5/8
0748927066623,Micronized Creatine Powder,Optimum Nutrition,Bodybuilding supplements,250g,,Fssai,,Creatine Monohydrate (100%).,not-applicable,1,https://images.openfoodfacts.org/images/products/074/892/706/6623/front_en.23.400.jpg,,,yes,6/8
8906002482450,Snickers Chocolate Bar,Mars,Candy chocolate bars filled with caramel and peanuts,1 and 45g,,,,"Chocolate (Sugar, Cocoa Butter, Cocoa Mass, Lactose, Full Cream Milk Powder, Whey Powder, Milk Fat, Emulsifier (Soya Lecithin E322), Water, Artificial Flavour (Vanillin)), Peanuts, Glucose Syrup, Sugar, Vegetable Fat(Palm Fat), Skimmed Milk",e,4,https://images.openfoodfacts.org/images/products/890/600/248/2450/front_en.7.400.jpg,,,yes,5/8
